name,config,mean_time_ms,std_time_ms,min_time_ms,max_time_ms,throughput_ops_per_sec,speedup_vs_baseline,gpu_utilization,power_watts
attention_128_128,PyTorch Naive,4.615495125452678,0.04764468025179067,4.562431812286377,4.8178558349609375,21666.14789571297,,,
attention_128_128,FlashAttention,7.515982214609782,0.03367864213362981,7.438271999359131,7.60643196105957,13304.98092526312,,,
attention_128_128,GPUOS Scheduled,21.606043359968396,0.284434915174769,21.11644744873047,22.424320220947266,4628.334690158016,,,
attention_256_128,PyTorch Naive,4.5511169883939955,0.025148675211886795,4.515200138092041,4.639167785644531,21972.6278746546,,,
attention_256_128,FlashAttention,7.279856904347738,0.0285238696102327,7.185184001922607,7.356800079345703,13736.533741518622,,,
attention_256_128,GPUOS Scheduled,21.673734283447267,0.31202969662156277,20.94419288635254,22.342592239379883,4613.8795784892645,,,
attention_512_128,PyTorch Naive,4.542231994205051,0.025078462491752426,4.459904193878174,4.598688125610352,22015.608213666615,,,
attention_512_128,FlashAttention,7.3387152089012995,0.036669867415312425,7.271455764770508,7.507232189178467,13626.363355633102,,,
attention_512_128,GPUOS Scheduled,21.73338058259752,0.9711967790288546,20.964128494262695,26.929216384887695,4601.216990608106,,,
