name,config,mean_time_ms,std_time_ms,min_time_ms,max_time_ms,throughput_ops_per_sec,speedup_vs_baseline,gpu_utilization,power_watts
mig_simulated,Full GPU (100%),40.50645024617513,3.4536617822512947,34.477760314941406,44.79110336303711,,,,
mig_simulated,MIG 3g.40gb (~42% SMs),106.14681643531435,4.482432522514415,101.85653141566685,122.3766871861049,,,,
mig_simulated,MIG 2g.20gb (~28% SMs),172.25882082136852,26.816103574810604,146.3761193411691,233.84309496198384,,,,
mig_simulated,MIG 1g.10gb (~14% SMs),337.78062027219744,29.551604842732647,292.2596522739955,383.0692563738142,,,,
