name,config,mean_time_ms,std_time_ms,min_time_ms,max_time_ms,throughput_ops_per_sec,speedup_vs_baseline,gpu_utilization,power_watts
mig_simulated,Full GPU (100%),47.2710658009847,0.9410533616680076,44.858848571777344,48.9826545715332,,,,
mig_simulated,MIG 3g.40gb (~42% SMs),114.85599810484226,1.9866218923054582,106.26300630115327,117.82933189755394,,,,
mig_simulated,MIG 2g.20gb (~28% SMs),173.18248751806834,1.4738903138716999,167.91977201189314,176.38616561889648,,,,
mig_simulated,MIG 1g.10gb (~14% SMs),347.5717107379248,2.5499707670529914,341.0315377371652,352.44663783482144,,,,
