name,config,mean_time_ms,std_time_ms,min_time_ms,max_time_ms,throughput_ops_per_sec,speedup_vs_baseline,gpu_utilization,power_watts
mig_simulated,Full GPU (100%),339.14178466796875,0.0,339.14178466796875,339.14178466796875,,,,
mig_simulated,MIG 3g.40gb (~42% SMs),893.3922903878348,0.0,893.3922903878348,893.3922903878348,,,,
mig_simulated,MIG 2g.20gb (~28% SMs),1211.3327026367188,0.0,1211.3327026367188,1211.3327026367188,,,,
mig_simulated,MIG 1g.10gb (~14% SMs),2422.9673113141744,0.0,2422.9673113141744,2422.9673113141744,,,,
