name,config,mean_time_ms,std_time_ms,min_time_ms,max_time_ms,throughput_ops_per_sec,speedup_vs_baseline,gpu_utilization,power_watts
multiprocess_2,Sequential (No Sharing),22.170559644699097,0.0,22.170559644699097,22.170559644699097,,,,
multiprocess_2,Concurrent (No MPS),1220.2091217041016,0.0,23.13771152496338,23.51375961303711,,,,
multiprocess_4,Sequential (No Sharing),11.886143922805786,0.0,11.886143922805786,11.886143922805786,,,,
multiprocess_4,Concurrent (No MPS),1772.2759246826172,0.0,34.35493564605713,36.97455978393555,,,,
multiprocess_8,Sequential (No Sharing),23.32803201675415,0.0,23.32803201675415,23.32803201675415,,,,
multiprocess_8,Concurrent (No MPS),2991.273880004883,0.0,61.96683645248413,68.27497863769531,,,,
