name,config,mean_time_ms,std_time_ms,min_time_ms,max_time_ms,throughput_ops_per_sec,speedup_vs_baseline,gpu_utilization,power_watts
multiprocess_2,Sequential (No Sharing),20.443776607513428,0.0,20.443776607513428,20.443776607513428,,,,
multiprocess_2,Concurrent (No MPS),1930.9883117675781,0.0,16.58828830718994,16.77881622314453,,,,
multiprocess_2,MPS Enabled,2015.3756141662598,0.0,16.543567657470703,16.65235137939453,,,,
multiprocess_4,Sequential (No Sharing),30.454496383666992,0.0,30.454496383666992,30.454496383666992,,,,
multiprocess_4,Concurrent (No MPS),2637.3255252838135,0.0,19.78275179862976,28.853055953979492,,,,
multiprocess_4,MPS Enabled,2540.3571128845215,0.0,15.857623815536499,16.240095138549805,,,,
multiprocess_8,Sequential (No Sharing),56.156288146972656,0.0,56.156288146972656,56.156288146972656,,,,
multiprocess_8,Concurrent (No MPS),3654.5276641845703,0.0,24.417676210403442,33.87846374511719,,,,
multiprocess_8,MPS Enabled,3247.576951980591,0.0,20.80262017250061,31.117536544799805,,,,
